yayinevi,kitap_adi,tur,sinif_sinav,seviye,maarif_uyumlu,baski_yili,soru_sayisi,ozellik,kaynak_url
Bilgi Sarmal,11. Sınıf Fizik Maarif Soru Bankası,soru bankası,11. sınıf,bilinmiyor,evet (başlıkta 'Maarif'),2026 (satıcı listelemesi),bilinmiyor,"Yazarlar Ümit Akça, Cenk Çayırcıoğlu; ISBN 9786256712775; ~336 s (arama özeti); bilgi bölümleri, didaktik testler, ünite testleri, YKS beceri temelli testler, sarmal testler, akıllı kağıtlar, etkinlik, video çözüm (satıcı özeti, teyitsiz)",https://www.kitapsec.com/Products/11-Sinif-Fizik-Maarif-Soru-Bankasi-Bilgi-Sarmal-949240.html
Bilgi Sarmal,11. Sınıf Fizik Tema Konu Anlatım Modülleri,konu anlatımlı (modül),11. sınıf,bilinmiyor,örtük (2026 yeni seri; açık beyan sayfada yok),2026,bilinmiyor,"Cenk Çayırcıoğlu, Demet Gülderin; ISBN 9786256712829; 368 s; 9. ve 10. sınıf ile aynı seri",https://www.kitapsec.com/Products/11-Sinif-Fizik-Tema-Konu-Anlatim-Modulleri-Bilgi-Sarmal-951964.html
Sonuç,11. Sınıf Fizik Maarif Modele Uygun Soru Bankası Modüller Set,soru bankası (modül set),11. sınıf,bilinmiyor,evet (başlıkta),2026,bilinmiyor,Sonuç Komisyon; ISBN 9786258203950; modüler set; yayınevi beyanı başlıkta,https://www.kitapsec.com/Products/11-Sinif-Fizik-Maarif-Modele-Uygun-Soru-Bankasi-Moduller-Set-Sonuc-Yayinlari-953468.html
Palme,11. Sınıf Fizik Joker Tematik Soru Kitabı,soru bankası (tematik),11. sınıf,bilinmiyor,örtük ('tematik'; açık Maarif beyanı doğrulanamadı),bilinmiyor,bilinmiyor,"Cemil Ayan, Mahmut Pala; ISBN 9786258542677; 360 s; yeni listeleme (2026 ID aralığı)",https://www.kitapsec.com/Products/11-Sinif-Fizik-Joker-Tematik-Soru-Kitabi-Palme-Yayinlari-948934.html
Palme,11. Sınıf Fizik Konu Anlatımlı,konu anlatımlı,11. sınıf,"orta-zor (blog tahmini, teyitsiz)",doğrulanamadı (eski listeleme; yeni baskı olabilir),bilinmiyor,bilinmiyor,Palme konu anlatımlı serisi; blogda program uyumlu ve basamaklı zorluk olarak öneriliyor,https://www.kitapsec.com/Products/11-Sinif-Fizik-Konu-Anlatimli-Palme-Yayincilik-307484.html
Palme,11. Sınıf Fen Liseleri Fizik Konu Anlatımlı,konu anlatımlı,11. sınıf (fen lisesi),fen lisesi,doğrulanamadı,bilinmiyor,bilinmiyor,Fen lisesi düzeyi konu anlatımı,https://www.kitapsec.com/Products/11-Sinif-Fen-Liseleri-Fizik-Konu-Anlatimli-Palme-Yayincilik-307413.html
Palme,11. Sınıf Fizik Yaprak Testleri,yaprak test,11. sınıf,bilinmiyor,doğrulanamadı,bilinmiyor,bilinmiyor,Yaprak test; ucuz tamamlayıcı,https://www.kitapsec.com/Products/11-Sinif-Fizik-Yaprak-Testleri-Palme-Yayinevi-340535.html
Aydın,11. Sınıf Fizik Soru Bankası,soru bankası,11. sınıf,"orta-zor (marka beklentisi, teyitsiz)",doğrulanamadı (ISBN 978-605-7710 eski blok; yeni baskı mı belirsiz),bilinmiyor,bilinmiyor,"Can Dirican, Serdar Şamhal; ISBN 9786057710185",https://www.kitapsec.com/Products/11-Sinif-Fizik-Soru-Bankasi-Aydin-Yayinlari-952691.html
Aydın,11. Sınıf Fizik Ders İşleyiş Modülleri,konu anlatımlı / ders işleyiş (modül),11. sınıf,bilinmiyor,doğrulanamadı,bilinmiyor,bilinmiyor,Aydın Komisyon; ISBN 9786057710192; öğretmen ders işleyişine göre modüller,https://www.kitapsec.com/Products/11-Sinif-Fizik-Ders-Isleyis-Modulleri-Aydin-Yayinlari-953106.html
Hız ve Renk,11. Sınıf Fizik HİT Soru Bankası,soru bankası,11. sınıf,bilinmiyor,örtük (ISBN 978-625-8715 yeni blok; açık beyan doğrulanamadı),bilinmiyor,bilinmiyor,"Özgür Ünlü, Ömer Bahadır Taner; ISBN 9786258715194; 304 s",https://www.kitapsec.com/Products/11-Sinif-Fizik-HIT-Soru-Bankasi-Hiz-ve-Renk-951801.html
Orijinal,Orijinal Mikro 11. Sınıf Fizik MÖF (Mikro Öğreten Fasikül) Set,fasikül (öğreten),11. sınıf,orta (öğreten; forum yorumu),blog beyanı: 2026-2027 Maarif uyumlu (askakitap); ürün sayfasında doğrulanamadı,bilinmiyor,bilinmiyor,"Engin Aydın, Zeynep Uslu; ISBN 9786255708656; 416 s; forumlarda Bilgi Sarmal veya Çap ile birlikte sık öneriliyor",https://www.kitapsec.com/Products/Orijinal-Mikro-11-Sinif-Fizik-MOF-Mikro-Ogreten-Fasikul-Set-Orijinal-Yayinlari-953541.html
Limit,11. Sınıf Fizik Konu Anlatım Föyleri (yeni),konu anlatımlı (föy),11. sınıf,bilinmiyor,"örtük (yeni ID; Maarif'e göre hazırlandığı blogda ima, açık beyan doğrulanamadı)",bilinmiyor,bilinmiyor,"Mesut Aksoy; ISBN 9786052758281; 304 s; 8 sayfalık föyler, ÖSYM soruları, sıra sende, klasik ve beceri temelli etkinlikler, kazanım testleri",https://www.kitapsec.com/Products/11-Sinif-Fizik-Konu-Anlatim-Foyleri-Limit-Yayinlari-949050.html
Limit,11. Sınıf Fizik Soru Bankası,soru bankası,11. sınıf,bilinmiyor,doğrulanamadı (11. sınıf için Maarif baskısı bulunamadı; 10. sınıfta 'Etkinlikli Maarif SB' var),bilinmiyor,bilinmiyor,Yener Yasun; ISBN 9786052753996; 272 s; QR ile tüm soruların video çözümü (eski baskı özeti),https://www.kitapsec.com/Products/11-Sinif-Fizik-Soru-Bankasi-Limit-Yayinlari-622139.html
Nitelik,11. Sınıf Fizik Beceri Temelli Soru Kitabı,soru bankası (beceri temelli),11. sınıf,bilinmiyor,örtük ('beceri temelli'; açık beyan doğrulanamadı),bilinmiyor,bilinmiyor,"Köksal Akan, Sedat Meydaneri; ISBN 9786052724873; 264 s",https://www.kitapsec.com/Products/11-Sinif-Fizik-Beceri-Temelli-Soru-Kitabi-Nitelik-Yayinlari-952749.html
Nitelik,11. Sınıf Fizik Konu Anlatımlı,konu anlatımlı,11. sınıf,kolay-orta (blog),doğrulanamadı,bilinmiyor,bilinmiyor,"Konu anlatımı sade, örnek sorular anlatım zorluğunda (blog özeti)",https://www.kitapsec.com/Products/11-Sinif-Fizik-Konu-Anlatimli-Nitelik-Yayinlari-650934.html
Kafadengi,11. Sınıf Fizik Extra Soru Bankası,soru bankası,11. sınıf,bilinmiyor,doğrulanamadı,bilinmiyor,bilinmiyor,Ömer Öztel; ISBN 9786256333680,https://www.kitapsec.com/Products/11-Sinif-Fizik-Extra-Soru-Bankasi-Kafa-Dengi-Yayinlari-953891.html
ProFizik,11. Sınıf Fizik Konu Anlatımlı Soru Kitabı,konu anlatımlı + soru,11. sınıf,bilinmiyor,doğrulanamadı (yeni listeleme),bilinmiyor,bilinmiyor,"Musa Özdemir, Erdal Aras; ISBN 9786259369822; 432 s",https://www.kitapsec.com/Products/11-Sinif-Fizik-Konu-Anlatimli-Soru-Kitabi-ProFizik-Yayinlari-950258.html
Paraf,11. Sınıf IQ Fizik Soru Kütüphanesi,soru bankası,11. sınıf,bilinmiyor,örtük (yayınevi sitesinde yeni ürün; açık beyan yok),bilinmiyor,bilinmiyor,ISBN 9786258584400; Paraf 11. sınıf 'YENİ' ürünü,https://parafyayinlari.com/11-sinif/11-sinif-iq-fizik-soru-kutuphanesi
Paraf,11. Sınıf MOD Fizik Anlatım Fasikülü,fasikül (konu anlatımı),11. sınıf,bilinmiyor,örtük (yeni ürün; açık beyan yok),bilinmiyor,bilinmiyor,ISBN 9786258584813; MOD serisi,https://parafyayinlari.com/11-sinif/11-sinif-mod-fizik-anlatim-fasikulu
Paraf,11. Sınıf Fizik Soru Kütüphanesi (eski),soru bankası,11. sınıf,bilinmiyor,"hayır olası (eski seri, stok tükendi)",bilinmiyor,bilinmiyor,ISBN 9786057806932; 296 s; eski müfredat olası,https://www.kitapsec.com/Products/11-Sinif-Fizik-Soru-Kutuphanesi-Soru-Bankasi-Paraf-Yayinlari-608227.html
Karekök,11. Sınıf Fizik MPS Konu Anlatımı ve Soru Çözümü,konu anlatımlı + soru çözümü,11. sınıf,zor (blog),doğrulanamadı,bilinmiyor,bilinmiyor,MPS serisi; blogda zor sorularla konu pekiştirme diye anılıyor,https://www.kitapsec.com/Products/11-Sinif-Fizik-MPS-Konu-Anlatimi-ve-Soru-Cozumu-Karekok-Yayinlari-320225.html
Karekök,11. Sınıf Maarif Modeline Uygun Mat-Geo-Fizik-Kimya-Biyoloji TYT Hazırlık Soru Bankası,soru bankası (çok dersli set),11. sınıf,bilinmiyor,evet (başlıkta),bilinmiyor,bilinmiyor,Çok dersli set; fizik bölümü tek başına bir fizik kitabı değil (Trendyol başlığı),https://www.trendyol.com/karekok-yayinlari/karekok-11-sinif-maarif-modeline-uygun-mat-geo-fizik-kimya-biyoloji-tyt-hazirlik-soru-bankasi-p-1139508007
Karekök,11. Sınıf Fizik Soru Bankası,soru bankası,11. sınıf,bilinmiyor,doğrulanamadı (yayınevi sitesi erişilemedi),bilinmiyor,bilinmiyor,Kuvvet-hareket ve elektrik-manyetizma üniteleri anılıyor (arama özeti),https://www.karekok.com.tr/yayinlarimiz/11-sinif/soru-bankalari/11sinif-fizik-soru-bankasi-444.html
Miray,11. Sınıf Fizik Maarif Model Tematik Soru Bankası,soru bankası (tematik),11. sınıf,bilinmiyor,evet (başlıkta),bilinmiyor,bilinmiyor,Yazar Mustafa Demir (arama özeti); kitapsec arama sonuçlarında listeleniyor,https://www.kitapsec.com/Products/11-Sinif-Yardimci-Kitaplar/11-Sinif-Fizik/11-Sinif-Fizik-Soru-Bankasi/
Miray,11. Sınıf Fizik Konu Özetli Soru Bankası,soru bankası (konu özetli),11. sınıf,bilinmiyor,hayır olası (eski seri),bilinmiyor,bilinmiyor,"Ümit Alkan, Kemal Ataş, Soner Dalgıç",https://www.mirayyayinlari.com.tr/miray-11.-sinif-fizik-konu-ozetli-soru-bankasi
Fizipedia,11. Sınıf Fizik Maarif Model Soru Bankası,soru bankası,11. sınıf,zor (AYT serisi için blog; bu kitap için teyitsiz),evet (başlıkta),bilinmiyor,bilinmiyor,399 TL liste fiyatı (arama özeti); 'beceri ve bağlam' vurgusu,https://www.kitapsec.com/Products/11-Sinif-Yardimci-Kitaplar/11-Sinif-Fizik/11-Sinif-Fizik-Soru-Bankasi/
Çap,11. Sınıf Anadolu Lisesi Fizik Soru Bankası,soru bankası,11. sınıf,orta,"blog beyanı: Maarif uyumlu (askakitap); ISBN eski blok, teyitsiz",bilinmiyor,bilinmiyor,"Egemen Ünal, Erdinç Pınarbaşı; ISBN 9786057564511; askakitap bu kitabı öneriyor",https://askakitap.com/cap-11-sinif-anadolu-lisesi-fizik-soru-bankasi
Çap,11. Sınıf Fen Lisesi Fizik Soru Bankası,soru bankası,11. sınıf (fen lisesi),fen lisesi,doğrulanamadı (eski ISBN bloğu),bilinmiyor,bilinmiyor,"Egemen Ünal, Erdinç Pınarbaşı; ISBN 9786057564924; 303 s; tam video çözüm, seviyeli modüler testler, hibrit yeni nesil testler",https://askakitap.com/cap-11-sinif-fen-lisesi-fizik-soru-bankasi
Çap,11. Sınıf Fizik Maarif Model Set 2028,set,11. sınıf,bilinmiyor,evet (arama sonucu başlığında),bilinmiyor,bilinmiyor,Yalnızca arama sonucu başlığından görüldü; ürün sayfası doğrulanamadı,https://askakitap.com/blog/11-sinif-hangi-test-kitabi-alinmali-maarif-modeli
Sonuç,11. Sınıf Fizik Modüler Set,konu anlatımlı (modüler),11. sınıf,temel-orta (blog),doğrulanamadı (eski listeleme),bilinmiyor,bilinmiyor,Okul destekli konu anlatımı,https://www.kitapsec.com/Products/11Sinif-Fizik-Moduler-Set-Sonuc-Yayinlari-318424.html
Sonuç,11. Sınıf Fizik Elektrik ve Manyetizma Soru Bankası,soru bankası (ünite),11. sınıf,bilinmiyor,hayır olası (eski listeleme),bilinmiyor,bilinmiyor,Ünite bazlı,https://www.kitapsec.com/Products/11Sinif-Fizik-Elektrik-ve-Manyetizma-Soru-Bankasi-Sonuc-Yayinlari-238403.html
Endemik,11. Sınıf Fizik Soru Bankası (2025-2026),soru bankası,11. sınıf,bilinmiyor,doğrulanamadı (2025-26 baskısı; büyük olasılıkla eski müfredat),2025-2026,bilinmiyor,"272 s, cep boy; ISBN 978-625-7430-54-8; video çözümlü sürüm var",https://endemikyayinlari.com.tr/urun/11sinif-fizik-soru-bankasi--yeni--978-625-7430-54-8
Armada,11. Sınıf Görev Fizik Yeni Nesil Konu Kitabı,konu anlatımlı (yeni nesil),11. sınıf,bilinmiyor,doğrulanamadı,bilinmiyor,bilinmiyor,Görev Fizik serisi,https://www.kitapsec.com/Products/11-Sinif-Gorev-Fizik-Yeni-Nesil-Konu-Kitabi-Armada-Yayinlari-842940.html
Armada,11. Sınıf Görev Fizik Yeni Nesil Çalışma Föyleri 36 Hafta,föy (haftalık),11. sınıf,bilinmiyor,örtük (yeni ID),bilinmiyor,bilinmiyor,36 haftalık föy programı,https://www.kitapsec.com/Products/11-Sinif-Gorev-Fizik-Yeni-Nesil-Calisma-Foyleri-36-Hafta-Armada-Yayinlari-952720.html
Armada,11. Sınıf Süper Fizik Yeni Nesil Soru Kitabı,soru bankası (yeni nesil),11. sınıf,bilinmiyor,doğrulanamadı,bilinmiyor,bilinmiyor,Yeni nesil soru ağırlıklı; uygun fiyat,https://www.kitapsec.com/Products/11-Sinif-Super-Fizik-Yeni-Nesil-Soru-Kitabi-Armada-Yayinlari-721682.html
Okyanus,11. Sınıf Iceberg Fizik Soru Bankası,soru bankası,11. sınıf,bilinmiyor,doğrulanamadı,bilinmiyor,bilinmiyor,Iceberg serisi,https://www.kitapsec.com/Products/11-Sinif-Iceberg-Fizik-Soru-Bankasi-Okyanus-Yayincilik-889776.html
Tammat,11. Sınıf Origami Fizik Koçu Soru Bankası,soru bankası,11. sınıf,bilinmiyor,doğrulanamadı,bilinmiyor,bilinmiyor,Origami serisi,https://www.kitapsec.com/Products/11Sinif-Origami-Fizik-Kocu-Soru-Bankasi-Tammat-Yayincilik-801250.html
Fen Bilimleri Yayıncılık,11. Sınıf Fizik Soru Bankası,soru bankası,11. sınıf,bilinmiyor,doğrulanamadı,bilinmiyor,bilinmiyor,Kitapsec listesi,https://www.kitapsec.com/Products/11Sinif-Fizik-Soru-Bankasi-Fen-Bilimleri-Yayinlari-773856.html
Tudem,11. Sınıf Fizik Soru Bankası,soru bankası,11. sınıf,bilinmiyor,doğrulanamadı,bilinmiyor,bilinmiyor,Kitapsec listesi,https://www.kitapsec.com/Products/11Sinif-Fizik-Soru-Bankasi-Tudem-Egitim-746531.html
Pegem Akademi,11. Sınıf Fizik Soru Bankası,soru bankası,11. sınıf,bilinmiyor,doğrulanamadı,bilinmiyor,bilinmiyor,Kitapsec listesi,https://www.kitapsec.com/Products/11-Sinif-Fizik-Soru-Bankasi-Pegem-Akademi-Yayincilik-871965.html
Pegem Akademi,11. Sınıf Fizik Konu Anlatımı,konu anlatımlı,11. sınıf,bilinmiyor,doğrulanamadı,bilinmiyor,bilinmiyor,Kitapsec listesi,https://www.kitapsec.com/Products/11-Sinif-Fizik-Konu-Anlatimi-Pegem-Akademi-Yayincilik-871989.html
ENS,11. Sınıf Fizik Defter Kitap,konu anlatımlı (defter tarzı),11. sınıf,bilinmiyor,örtük (yeni ID),bilinmiyor,bilinmiyor,Defter formatında anlatım,https://www.kitapsec.com/Products/11-Sinif-Fizik-Defter-Kitap-ENS-Yayincilik-923235.html
EİS,11. Sınıf Fizik Ders Anlatım Föyü,konu anlatımlı (föy),11. sınıf,bilinmiyor,doğrulanamadı,bilinmiyor,bilinmiyor,Kitapsec listesi,https://www.kitapsec.com/Products/11-Sinif-Fizik-Ders-Anlatim-Foyu-EIS-Yayinlari-562363.html
Gür,11. Sınıf Öğreten Fizik Seti,konu anlatımlı + soru (set),11. sınıf,bilinmiyor,doğrulanamadı,bilinmiyor,bilinmiyor,Kitapsec listesi,https://www.kitapsec.com/Products/11-Sinif-Ogreten-Fizik-Seti-Gur-Yayinlari-384835.html
Yanıt,11. Sınıf Fizik Yes Serisi,set,11. sınıf,bilinmiyor,doğrulanamadı,bilinmiyor,bilinmiyor,Kitapsec listesi (785 TL),https://www.kitapsec.com/Products/11-Sinif-Fizik-Yes-Serisi-Yanit-Yayinlari-385731.html
Derece,11. Sınıf Fizik Modüler Set,modüler set,11. sınıf,bilinmiyor,doğrulanamadı,bilinmiyor,bilinmiyor,Kitapsec listesi,https://www.kitapsec.com/Products/11Sinif-Fizik-Moduler-Set-Derece-Yayinlari-380959.html
Sınav Yayınları,11. Sınıf Fizik Soru Bankası,soru bankası,11. sınıf,temel-orta,doğrulanamadı,bilinmiyor,bilinmiyor,Kitapsec listesi; ayrıca 2026 dijital sürüm ('Sınav Digital') mevcut,https://www.kitapsec.com/Products/11-Sinif-Fizik-Soru-Bankasi-Sinav-Yayinlari-635683.html
Editör,11. Sınıf Fizik Özetli Lezzetli Soru Bankası,soru bankası (özetli),11. sınıf,temel,doğrulanamadı,bilinmiyor,bilinmiyor,Çok uygun fiyat (98 TL),https://www.kitapsec.com/Products/11-Sinif-Fizik-Ozetli-Lezzetli-Soru-Bankasi-Editor-Yayinevi-385443.html
Nihat Bilgin,11. Sınıf Fizik Soru Kitabı,soru bankası,11. sınıf,orta,"hayır olası (2018 baskı, eski müfredat)",2018,bilinmiyor,368 s; ISBN 9786058175457,https://www.dr.com.tr/kitap/11sinif-fizik-soru-bankasi/nihat-bilgin/egitim-ve-sinav-kitaplari/lise-ders-kitaplari/11-sinif-soru-bankasi-kitaplari/fizik/urunno=0001839171001
Esen,11. Sınıf Fizik Konu Anlatımlı,konu anlatımlı,11. sınıf,bilinmiyor,"hayır olası (2019 baskı, eski müfredat)",2019,bilinmiyor,"Musa Özdemir, Erdal Aras; 624 s; ISBN 9786055559229",https://www.kitapsec.com/Products/11-Sinif-Fizik-Konu-Anlatimli-Esen-Yayinlari-527731.html
Özdebir,11. Sınıf Fizik Branş Deneme Sınavı,deneme (branş),11. sınıf,bilinmiyor,hayır olası (2021/2024 baskılar),2021-2024,bilinmiyor,ISBN 9786051382777; dijital çözüm platformu var,https://www.kitapsec.com/Products/11Sinif-Fizik-Brans-Deneme-Sinavi-Ozdebir-Yayinlari-269706.html
Ertan Sinan Şahin,11. Sınıf Fizik Seti (video ders + kitap),video ders seti + kitap,11. sınıf / AYT,bilinmiyor,hayır olası (2022 baskı kitap; site Maarif üniteleri listeliyor ama set eski),2022,bilinmiyor,"312 s kitap, 59 saat video; set 1 Eylül 2026'ya kadar geçerli",https://ertansinansahin.com/product/11-sinif-fizik-seti/
Apotemi,Apotemi Çap 11. Sınıf Anadolu Mat-Fizik-Kimya-Biyoloji Soru Bankası,soru bankası (çok dersli),11. sınıf,bilinmiyor,doğrulanamadı,bilinmiyor,bilinmiyor,Çok dersli set; fizik tek başına değil,https://www.trendyol.com/pd/apotemi-yayinlari/9-10-11-apotemi-cap-11-sinif-anadolu-matematik-fizik-kimya-biyoloji-soru-bankasi-p-838040505
Üç Dört Beş (345),2027 AYT Fizik Soru Bankası,soru bankası,AYT,zor,"hayır (2027 sınavı, eski müfredat)",2027,bilinmiyor,"Ümit Akıncı; ISBN 9786056959028; 392 s; tamamı video çözümlü, kazanım odaklı, ÖSYM'ye yakın; 47.715+ satış",https://www.kitapsec.com/Products/2023-AYT-Fizik-Soru-Bankasi-Uc-Dort-Bes-Yayinlari-393715.html
Çap,2028 YKS TYT AYT Fizik Ders Platosu Maarif Modeli Tematik Soru Bankası 1. Aşama,soru bankası (tematik),"TYT/AYT (2028, 1. aşama)",orta,evet (yayınevi beyanı),2028 serisi,101 test (81 tematik + 20 karma),"ISBN 9786258909197 / 9786259026329; 208 s; Metin Çengel, Bayram Tükenmez; 1. aşama = 9-10. sınıf içeriği; video çözümler",https://www.indekskitap.com/urun/cap-yayinlari-yks-tyt-ayt-fizik-ders-platosu-maarif-modeli-tematik-soru-bankasi
Paraf,Paraf 2028 Maarif Fizik Soru Bankası,soru bankası,"TYT/AYT (2028, 9-10. sınıf içeriği)",kolaydan zora,evet (Maarif 2028 serisi),2026,bilinmiyor,ISBN 9786255506948; bağlam ve beceri temelli testler; yalnız 9-10. sınıf kapsamı,https://parafyayinlari.com/maarif-2028/paraf-2028-maarif-fizik-soru-bankasi
Paraf,Paraf 2028 Maarif Fizik Konu Anlatımı (1. ve 2. Modül),konu anlatımı (modül),TYT/AYT (2028),bilinmiyor,evet (Maarif 2028 serisi),2026,bilinmiyor,"Kapsam (9-10 mu, 11 mu) doğrulanamadı",https://parafyayinlari.com/maarif-2028
Bilgi Sarmal,2028 YKS TYT AYT Fizik Maarif Modeli İlk Aşama Soru Bankası,soru bankası,"TYT/AYT (2028, ilk aşama)",bilinmiyor,evet (başlıkta),2026,bilinmiyor,İlk aşama = 9-10. sınıf içeriği,https://askakitap.com/maarif-modeli-soru-bankasi
Orijinal,Orijinal Fizik Soru Bankası 2028 Maarif Model 1. Aşama,soru bankası,"TYT/AYT (2028, 1. aşama)",bilinmiyor,evet (başlıkta),2026,bilinmiyor,1. aşama = 9-10. sınıf içeriği,https://askakitap.com/maarif-modeli-soru-bankasi
KR Akademi / Altuğ Güneş,2028 Maarif Modeli 1. Oturum Fizik Video Ders Kitabı,konu anlatımlı (video ders kitabı),"TYT (2028, 1. oturum)",bilinmiyor,evet (başlıkta),2026,bilinmiyor,Öğretmen Altuğ Güneş; video anlatımlı; 1. oturum = 9-10. sınıf,https://www.kitapsec.com/Products/2028-TYT-Fizik-Maarif-Modeli-1-Oturum-Video-Ders-Kitabi-Altug-Gunes-950172.html
KR Akademi / Altuğ Güneş,AYT Fizik 2. Kitap - 11. Sınıf Konuları ve Video Anlatımları,konu anlatımlı (video),AYT,orta-zor,hayır olası (eski müfredat),bilinmiyor,bilinmiyor,11. sınıf AYT konuları; video anlatımlı,https://www.kitapisler.com/altug-gunes-ayt-fizik-2-kitap-11-sinif-konulari-ve-video-anlatimlari_97926.html
3D,AYT 3D Fizik Tamamı Video Çözümlü Soru Bankası,soru bankası,AYT,orta-zor (blog),hayır olası (eski müfredat),bilinmiyor,bilinmiyor,Tamamı video çözümlü,https://www.kitapsec.com/mobil/ayt-3d-fizik-tamami-video-cozumlu-soru-bankasi-3d-yayinlari_urn320100.html
Çap,AYT Fizik Soru Bankası (Plus),soru bankası,AYT,kolay (blog),hayır olası (eski müfredat),bilinmiyor,bilinmiyor,Sade dil,https://www.kitapsec.com/Products/AYT-Fizik-Soru-Bankasi-Cap-Yayinlari-374222.html
Egzersiz,AYT Fizik Soru Bankası,soru bankası,AYT,bilinmiyor,hayır olası (eski müfredat),bilinmiyor,bilinmiyor,Kitapsec listesinde,https://www.kitapsec.com/Products/AYT-Fizik-Soru-Bankasi-Egzersiz-Yayinlari-836258.html
MF Kazanım,AYT Fizik Soru Bankası,soru bankası,AYT,bilinmiyor,hayır olası (eski müfredat),bilinmiyor,bilinmiyor,Ertan Sinan Şahin sitesinde çözüm PDF ve videoları var,https://www.kitapsec.com/Products/AYT-Fizik-Soru-Bankasi-MF-Kazanim-Yayinlari-380034.html
Apotemi,AYT Fizik Soru Bankası,soru bankası,AYT,bilinmiyor,hayır olası (eski müfredat),bilinmiyor,bilinmiyor,Cehdi Akkuş,https://www.kitapisler.com/apotemi-yayinlari-ayt-fizik-soru-bankasi_106084.html
Aydın,AYT Fizik Soru Bankası,soru bankası,AYT,bilinmiyor,hayır olası (eski müfredat),bilinmiyor,bilinmiyor,Yayınevi dijital sürümü fliphtml5'te,https://fliphtml5.com/wrbmv/nquj/AYT_FIZIK_SORU_BANKASI/
Benim Hocam,AYT Fizik Soru Bankası,soru bankası,AYT,kolay (blog),hayır olası (eski müfredat),bilinmiyor,bilinmiyor,"Sade dilli, anlatım ağırlıklı (askakitap özeti)",https://askakitap.com/blog/ayt-fizik-kaynak-onerileri
Fizipedia,AYT Fizik Soru Bankası,soru bankası,AYT,zor (blog),hayır olası (eski müfredat),bilinmiyor,bilinmiyor,"Özgün, zor sorular (askakitap özeti)",https://askakitap.com/blog/ayt-fizik-kaynak-onerileri
ENS,AYT Fizik Destek Soru Bankası,soru bankası,AYT,kolay-orta (blog),hayır olası (eski müfredat),bilinmiyor,bilinmiyor,Bol alıştırma (askakitap özeti),https://askakitap.com/blog/ayt-fizik-kaynak-onerileri
Hız ve Renk,AYT Fizik Soru Bankası,soru bankası,AYT,orta (blog),hayır olası (eski müfredat),bilinmiyor,bilinmiyor,Pratik çözüm alıştırmaları (askakitap özeti),https://askakitap.com/blog/ayt-fizik-kaynak-onerileri
Bilgi Sarmal,AYT Fizik Soru Bankası,soru bankası,AYT,orta-zor (blog),hayır olası (eski müfredat),bilinmiyor,bilinmiyor,Özgün ve seçici sorular (askakitap özeti),https://askakitap.com/blog/ayt-fizik-kaynak-onerileri
